t [years],x [Hares],y [lynx]
1900,29.97979798,4.101010101
1900.977147,46.80808081,6.222222222
1902.001576,70.42424242,9.898989899
1902.994484,76.92929293,35.77777778
1904.018913,36.48484848,59.25252525
1905.027581,20.22222222,42.14141414
1906.004728,18.24242424,19.65656566
1906.997636,21.63636364,13.15151515
1907.990544,22.06060606,8.767676768
1908.999212,25.17171717,9.333333333
1910.00788,27.85858586,7.777777778
1911.000788,40.58585859,8.060606061
1911.993696,56.84848485,12.72727273
1912.986604,76.36363636,19.65656566
1913.995272,52.18181818,45.81818182
1914.98818,19.51515152,51.19191919
1915.996848,11.17171717,29.97979798
1916.989756,7.777777778,16.4040404
1917.982664,14.84848485,10.04040404
1918.991332,16.26262626,9.898989899
1920,25.31313131,8.767676768
